TDSFU Daily run: Mon Oct 27 14:28:26 UTC 2025 TDSFU
TDSFU Daily run: Tue Oct 28 04:35:32 UTC 2025 TDSFU
TDSFU Daily run: Wed Oct 29 04:41:29 UTC 2025 TDSFU
TDSFU Daily run: Thu Oct 30 04:35:19 UTC 2025 TDSFU
TDSFU Daily run: Fri Oct 31 04:38:25 UTC 2025 TDSFU
TDSFU Daily run: Sat Nov  1 04:33:09 UTC 2025 TDSFU
TDSFU Daily run: Sun Nov  2 04:35:51 UTC 2025 TDSFU
TDSFU Daily run: Mon Nov  3 04:42:06 UTC 2025 TDSFU
TDSFU Daily run: Tue Nov  4 04:35:57 UTC 2025 TDSFU
TDSFU Daily run: Wed Nov  5 04:36:43 UTC 2025 TDSFU
